wi,Ai,mu_i,gamma_i,sigma_i,fwhm,Rwp: 3.616978,Rp: 1.693542 ,Rsquare: 0.119668 
2405.130879243618,0.4140230495766804,7.993398390491137,0.11784477667019885,0.013630284445188646,0.06561100000000031
257.5444788156479,0.00020015545793296294,11.313578058357148,0.04517336090269136,0.01106520221087701,0.07065800000000033
2963.0352663247713,0.2656077840189709,12.355269365216293,1.0383390525025473,0.015353891667866422,0.08075200000000038
