system,a,b,c,alpha,beta,gamma
4,3.7571,5.82668,11.55387,90.0,90.0,90.0
