system,a,b,c,alpha,beta,gamma
1,5.62674,5.62674,5.62674,90.0,90.0,90.0
6,8.36041,4.97669,6.19737,90.0,114.6978,90.0
