system,a,b,c,alpha,beta,gamma
1,5.62816,5.62816,5.62816,90.0,90.0,90.0
6,8.3561,4.95996,6.18655,90.0,114.69779,90.0
