system,a,b,c,alpha,beta,gamma
2,2.85698,2.85698,14.13126,90.0,90.0,120.0
