system,a,b,c,alpha,beta,gamma
2,2.83577,2.83577,14.25895,90.0,90.0,120.0
